Data,Start time,End time,Timespan
test,2017/6/23 0:34:38,2017/6/23 0:34:41,00:00:02.5640775
test,2017/6/23 0:36:42,2017/6/23 0:36:45,00:00:02.5501459